Numero,Cantidad_archivos,Detalle
1010,2,"CONC-1010.pdf; CONC-1010_2.pdf"
1062,2,"CONC-1062.pdf; CONC-1062_2.pdf"
1104,2,"CONC-1104.pdf; CONC-1104_2.pdf"
1117,2,"CONC-1117.pdf; CONC-1117_2.pdf"
1135,3,"CONC-1135.pdf; CONC-1135_2.pdf; CONC-1135_3.pdf"
1138,2,"CONC-1138.pdf; CONC-1138_2.pdf"
1159,2,"CONC-1159.pdf; CONC-1159_2.pdf"
1195,2,"CONC-1195.pdf; CONC-1195_2.pdf"
1202,2,"CONC-1202.pdf; CONC-1202_2.pdf"
1207,2,"CONC-1207.pdf; CONC-1207_2.pdf"
1224,2,"CONC-1224.pdf; CONC-1224_2.pdf"
1228,2,"CONC-1228.pdf; CONC-1228_2.pdf"
1253,2,"CONC-1253.pdf; CONC-1253_2.pdf"
1265,2,"CONC-1265.pdf; CONC-1265_2.pdf"
1330,2,"CONC-1330.pdf; CONC-1330_2.pdf"
1385,2,"CONC-1385.pdf; CONC-1385_2.pdf"
1397,3,"CONC-1397.pdf; CONC-1397_2.pdf; CONC-1397_3.pdf"
1644,2,"CONC-1644.pdf; CONC-1644_2.pdf"
1656,2,"CONC-1656.pdf; CONC-1656_2.pdf"
1703,2,"CONC-1703.pdf; CONC-1703_2.pdf"
1704,2,"CONC-1704.pdf; CONC-1704_2.pdf"
1729,2,"CONC-1729.pdf; CONC-1729_2.pdf"
1731,2,"CONC-1731.pdf; CONC-1731_2.pdf"
1742,2,"CONC-1742.pdf; CONC-1742_2.pdf"
1745,2,"CONC-1745.pdf; CONC-1745_2.pdf"
1747,2,"CONC-1747.pdf; CONC-1747_2.pdf"
1894,2,"CONC-1894.pdf; CONC-1894 (2).pdf"
1980,2,"CONC-1980.pdf; CONC-1980_2.pdf"
1983,2,"CONC-1983.pdf; CONC-1983_2.pdf"
2024,2,"CONC-2024.pdf; CONC-2024_2.pdf"
